丁伟 , 5
丁关根 , 13
丁刚 , 1
丁宝忠 , 1
丁建华 , 2
丁惠敏 , 1
丁某 , 3
丁玉珍 , 7
丁石孙 , 2
万万 , 1
万历斯 , 1
万国权 , 14
万帅 , 1
万建辉 , 1
万方 , 1
万里 , 1
三博 , 6
三塚 , 3
三塚博 , 2
三毛 , 5
世庆 , 1
丛亚平 , 3
严同山 , 1
严复 , 1
严明 , 1
中岛宏 , 1
中川不器男 , 1
中村 , 1
中村真衣 , 1
丰子恺 , 5
丰收 , 1
丹·潘克拉托夫 , 1
丹增 , 1
丹尼尔·阿拉普·莫伊 , 1
丹尼斯 , 1
丹戈—纳代伊 , 1
丹泼实 , 1
丽达 , 1
久卡诺维奇 , 1
乌兰 , 1
乌兰夫 , 1
乌叶海亚 , 6
乌多文科 , 2
乌尔里希 , 1
乌尔马尼斯 , 2
乌戈·米夫萨德·邦尼奇 , 1
乌马尔 , 2
乐绍延 , 1
乔丹 , 3
乔保华 , 1
乔发科 , 2
乔尔贝亚 , 7
乔改玉 , 1
乔明 , 3
乔榛 , 2
乔治·索罗斯 , 1
乔治·韦拉 , 3
乔生祥 , 1
乔石 , 40
乔颖 , 1
乾隆 , 1
二郎 , 1
于光远 , 2
于净 , 2
于友先 , 1
于学祥 , 1
于尔根·吕特格尔斯 , 1
于居洋 , 7
于志杰 , 1
于敏 , 6
于明涛 , 1
于是之 , 1
于晋峰 , 1
于晓雪 , 3
于武真 , 1
于永波 , 10
于洪洋 , 1
于海生 , 9
于秀梅 , 1
于若木 , 1
于贝尔·韦德里纳 , 6
于青 , 4
云娇 , 12
云龙 , 1
井口 , 7
井口俊英 , 3
亚伯 , 1
亚历克·诺夫 , 1
亚当斯 , 6
亚斯特任布斯基 , 1
亚辛 , 3
亨利 , 1
亨利·沙赫特 , 2
亨利·谢尔顿 , 1
亨廷顿 , 6
亨德尔 , 1
仁盈 , 2
仇旭东 , 2
付林 , 2
付秋林 , 1
仲文 , 1
仲星火 , 1
仲永 , 3
任大惠 , 1
任宏昌 , 1
任建新 , 8
任弼时 , 1
任怀民 , 1
任新民 , 1
任春贵 , 1
任殿喜 , 1
任福炜 , 1
任继东 , 1
任随意 , 1
伊·福阿 , 1
伊丽莎白 , 1
伊斯拉米 , 1
伊格尔森 , 13
伊琳娜 , 1
伊莲娜 , 2
伊马纳利耶夫 , 1
伍志平 , 1
伍思德 , 1
伍淑清 , 1
伍绍祖 , 9
伍霞 , 1
伏明霞 , 1
伯塞斯库 , 3
伯恩施坦 , 1
伯杰 , 2
伯瑞恩 , 1
伽利略 , 1
伽马 , 1
佐藤嘉恭 , 2
何万云 , 1
何伟 , 4
何光 , 1
何加正 , 3
何勇 , 1
何启伟 , 1
何善德 , 2
何大一 , 3
何宏志 , 1
何山 , 2
何平等 , 1
何慧娴 , 1
何方 , 2
何晴 , 1
何某 , 5
何椿霖 , 2
何炼成 , 1
何祚庥 , 1
何祚欢 , 1
何秉松 , 1
何长工 , 37
何鲁丽 , 11
余上沅 , 1
余卓成 , 6
余放 , 1
余秋里 , 1
余纯顺 , 1
余继军 , 4
余艳红 , 1
佩塞克 , 1
佩尔·努德 , 1
佩特森 , 1
佩里 , 6
侏罗纪 , 1
侯凤菁 , 1
侯剑锋 , 2
侯嘉 , 5
侯德强 , 1
侯捷 , 2
侯殿禄 , 2
侯波 , 1
侯祥麟 , 1
侯老 , 8
侯隽 , 1
侯鹤祥 , 1
保尔·柯察金 , 2
保罗·德桑蒂斯 , 1
俞俭 , 1
俞宗杰 , 1
俞宜国 , 1
俞斌 , 6
俞晓松 , 4
俞福柏 , 2
俞贵麟 , 1
倪巧银 , 2
倪效武 , 1
倪煜 , 1
倪萍 , 5
傅丁根 , 3
傅作义 , 1
傅全有 , 16
傅凌 , 1
傅天祝 , 1
傅太平 , 1
傅征 , 1
傅志寰 , 2
傅玉瑚 , 1
傅琳 , 1
傅铁山 , 2
傅雷 , 1
储学军 , 1
傲腾 , 1
克利姆 , 1
克利马 , 2
克劳斯 , 2
克拉泽博格 , 2
克敏 , 1
克林顿 , 118
克罗托夫 , 2
克莱 , 6
克莱斯蒂尔 , 2
克莱格霍恩 , 1
克里斯托尔 , 1
克里斯滕森 , 1
克雷库 , 25
克雷蒂安 , 5
克鲁吉 , 1
八木 , 1
八木佑四郎 , 1
兰世章 , 1
兰才基 , 1
兰红光 , 2
兰贝托·迪尼 , 1
关公 , 13
关天培 , 1
关景华 , 2
关本忠弘 , 1
关治瀛 , 1
关牧村 , 1
关长宇 , 1
关隐达 , 4
关飞 , 1
内塔尼亚胡 , 59
内科瓦西尔 , 1
冈波斯 , 1
冈玻斯 , 1
冈琦嘉平太 , 1
冉永平 , 3
冒天启 , 1
农德孟 , 1
冬柴铁三 , 2
冮冶 , 1
冯·皮尔 , 1
冯之浚 , 1
冯亦珍 , 1
冯喆 , 1
冯奎 , 1
冯学敏 , 1
冯巩 , 1
冯康 , 1
冯彦红 , 1
冯惠芳 , 2
冯梦龙 , 1
冯润胜 , 1
冯玉祥 , 1
冯理达 , 1
冯瑛冰 , 1
冯蔚 , 1
冯钦哉 , 1
冯霄 , 2
冯骥才 , 1
冰心 , 3
冷国清 , 1
凌德权 , 1
凌飞 , 1
凯·西索达 , 1
凯斯里 , 1
切尔诺梅尔金 , 10
切支丹 , 1
切梅索娃 , 1
列宁 , 4
列希 , 3
列斌 , 1
刘一兵 , 1
刘上阳 , 2
刘世振 , 1
刘世昕 , 2
刘东凯 , 5
刘丽华 , 1
刘丽霞 , 3
刘九庵 , 2
刘也刚 , 2
刘习成 , 1
刘云 , 2
刘云山 , 1
刘云峰 , 2
刘云非 , 6
刘亮明陈建军 , 1
刘仁 , 1
刘仲 , 1
刘仲昆 , 2
刘仲藜 , 3
刘伟 , 2
刘伯承 , 27
刘佑民 , 1
刘佩琦 , 1
刘俊南 , 1
刘儒庭 , 2
刘元仁 , 1
刘光亮 , 4
刘全顺 , 1
刘兰芳 , 2
刘凤桢 , 1
刘刚 , 1
刘加文 , 6
刘勤 , 1
刘华新 , 1
刘华清 , 3
刘华秋 , 5
刘厚生 , 1
刘吉坤 , 1
刘善璧 , 1
刘国强 , 1
刘国梁 , 12
刘国胜 , 1
刘坚 , 1
刘塞君 , 1
刘墉 , 2
刘增方 , 1
刘备 , 1
刘太行 , 1
刘奇葆 , 1
刘子富 , 1
刘宇 , 3
刘小光 , 1
刘少奇 , 7
刘少宇 , 3
刘少山 , 1
刘山在 , 2
刘帅 , 11
刘希亮 , 4
刘希圣 , 1
刘延东 , 2
刘延广 , 1
刘建国 , 1
刘建峰 , 1
刘建新 , 5
刘建章 , 1
刘彦军 , 1
刘德华 , 1
刘志丹 , 1
刘志军 , 1
刘志祥 , 12
刘志秋 , 1
刘忠德 , 3
刘忠花 , 1
刘思扬 , 2
刘恕 , 1
刘戈宇 , 1
刘成果 , 2
刘我成 , 11
刘戡 , 1
刘抒鹃 , 1
刘振亚 , 1
刘振英 , 6
刘敏 , 1
刘文凯 , 1
刘文泮 , 1
刘斌 , 1
刘斯奋 , 3
刘方仁 , 2
刘旭 , 2
刘昌赫 , 3
刘明 , 1
刘春平 , 1
刘春池 , 1
刘春贤 , 1
刘昭东 , 1
刘朝晖 , 3
刘杰 , 3
刘桂生 , 1
刘桂莲 , 1
刘步飞 , 2
刘武东 , 1
刘殿中 , 1
刘永 , 1
刘永亮 , 1
刘永斌 , 1
刘波 , 9
刘泽仁 , 1
刘泽民 , 2
刘洪 , 1
刘海粟 , 2
刘海荣 , 1
刘海藩 , 1
刘澜涛 , 27
刘玉民 , 3
刘玉琴 , 2
刘玉红肖荻 , 1
刘琦 , 1
刘琼 , 1
刘瑞麟 , 1
刘益良 , 1
刘知侠 , 1
刘知炳 , 2
刘磊 , 3
刘福印 , 7
刘积斌 , 1
刘精松 , 1
刘素芬 , 3
刘红 , 1
刘红升 , 1
刘翔谦 , 1
刘胜玉 , 1
刘胡兰 , 1
刘英 , 1
刘莹 , 1
刘蒙 , 1
刘裕国 , 3
刘诗昆 , 1
刘诗白 , 1
刘进庆 , 1
刘道勇 , 1
刘道国 , 1
刘邓 , 1
刘金鱼 , 2
刘锦才 , 1
刘镇武 , 1
刘长瑜 , 1
刘雁翎 , 1
刘青山 , 2
刘顺尧 , 3
刘鹏 , 1
刘麟 , 1
利文斯顿 , 1
利索夫斯基 , 1
利维 , 33
别义勋 , 1
副公 , 2
加布里埃莱·加蒂 , 1
加米尔 , 1
加蒂 , 3
加藤正夫 , 1
努尔哈赤 , 3
努里 , 2
劳伦斯·萨默斯 , 3
勃兰特 , 1
勒布朗 , 1
包文翊 , 5
包方田 , 2
包爱清 , 1
包玉刚 , 1
包玉星 , 1
包起帆 , 1
匡鲁彬 , 1
华克之 , 1
华楠 , 1
华水发 , 7
华汉生 , 1
华福周 , 1
华金·阿尔穆尼亚 , 2
华黎明 , 1
卓福香 , 1
单伟 , 1
单兴缘 , 1
单基夫 , 1
单涛 , 2
单莺 , 4
南振中 , 1
南月明 , 1
南阳 , 1
博卡萨 , 1
博塔 , 9
博奈丽 , 1
博斯科夫斯基 , 1
占旭刚 , 2
卡伦·布里克森 , 1
卡利尼奇 , 1
卡尔 , 2
卡尔·李卜克内西 , 1
卡尔·波普 , 1
卡尔梅努·韦拉 , 1
卡尔森 , 1
卡尔波夫 , 3
卡尔逊 , 3
卡巴伊 , 1
卡恩 , 1
卡拉扬 , 2
卡拉辛 , 1
卡斯特罗 , 3
卡斯蒂约 , 1
卡杜米 , 1
卡比拉 , 4
卡洛斯 , 1
卡翁达 , 7
卡西迪 , 1
卡里莫夫 , 3
卢克俭 , 1
卢军 , 8
卢功勋 , 1
卢加斯 , 1
卢劲 , 4
卢卡申科 , 4
卢嘉 , 1
卢嘉锡 , 1
卢尧 , 1
卢日科夫 , 1
卢格柱 , 1
卢瑞华 , 1
卢秀梅 , 1
卢良恕 , 1
卢荣景 , 2
卢萍 , 1
卫岩 , 1
卫立煌 , 1
印第安纳·琼斯 , 1
原媛 , 5
古先光 , 1
古斯塔夫松 , 1
古杰拉尔 , 9
古莱德 , 1
史增海 , 7
史大桢 , 2
史密斯 , 1
史泰龙 , 1
史照栋 , 1
史蒂芬·斯皮尔伯格 , 1
叶乔波 , 1
叶佩英 , 1
叶公琦 , 1
叶利钦 , 53
叶剑英 , 1
叶华 , 1
叶寿荣 , 1
叶小文 , 3
叶挺 , 1
叶明强 , 1
叶桂 , 3
叶氏 , 1
叶江川 , 2
叶石池 , 1
叶莲美 , 9
叶莲营 , 1
叶赫 , 4
叶赫那拉 , 1
叶连娜 , 3
叶连松 , 4
叶选平 , 3
叶钊颖 , 3
叶锦福 , 1
叶鹏 , 2
司徒美堂 , 1
司马义·艾买提 , 3
司马徽 , 2
司马迁 , 2
吉佩定 , 6
吉尔伯特 , 1
吉尼斯 , 1
吉斯贝尔 , 2
吉本斯 , 1
吉格斯 , 1
吉里贾·普拉萨德·柯伊拉腊 , 1
吉马迪 , 2
后藤田正晴 , 1
向兵 , 2
向在远 , 2
向炜 , 1
向邦礼 , 1
吕厄 , 1
吕厚民 , 1
吕吉祥 , 1
吕奉先 , 1
吕宏强 , 3
吕布 , 2
吕志强 , 1
吕志星 , 2
吕振万 , 1
吕正操 , 2
吕相友 , 1
吕网大 , 1
吕聪敏 , 3
吕艺生 , 2
吕赫若 , 2
吕钦 , 1
吕鸿 , 1
君士坦丁 , 1
启功 , 1
吴习洲 , 5
吴二 , 1
吴亚明 , 5
吴亦侠 , 1
吴京红 , 1
吴仪 , 7
吴作栋 , 4
吴修平 , 1
吴倚幸 , 1
吴克明 , 1
吴兢 , 1
吴兴华 , 1
吴冠中 , 1
吴冷西 , 1
吴刚 , 1
吴双战 , 1
吴基传 , 1
吴天祥 , 4
吴孟超 , 3
吴学谦 , 1
吴宏权 , 9
吴寿章 , 1
吴庆龙 , 2
吴庭良 , 1
吴彬 , 4
吴志美 , 1
吴恒权 , 4
吴敏茜 , 1
吴敦夫 , 4
吴敬琏 , 1
吴文斌 , 1
吴明廉 , 1
吴晓灵 , 1
吴晗 , 1
吴梨花 , 2
吴泽洲 , 3
吴满有 , 1
吴玉章 , 1
吴祖光 , 1
吴祖强 , 1
吴祖荣 , 1
吴纯丽 , 1
吴绮敏 , 2
吴艳艳 , 14
吴觉非 , 2
吴贱安 , 1
吴迎春 , 1
吴邦国 , 25
吴金印 , 2
吴铨叙 , 5
吴阶平 , 3
吴雁泽 , 1
周×× , 1
周丽萍 , 1
周义霖 , 8
周亮 , 1
周传家 , 1
周传统 , 1
周作人 , 1
周俊勋 , 2
周健伟 , 1
周光召 , 3
周公 , 6
周凤玉 , 1
周刚 , 1
周勇 , 3
周华健 , 1
周叔莲 , 1
周哲文 , 3
周子玉 , 2
周学农 , 3
周学源 , 4
周宏英 , 2
周宗欣 , 2
周寒琼 , 1
周小燕 , 13
周岚 , 1
周幼马 , 1
周强 , 2
周彦斌 , 1
周德武 , 2
周志刚 , 1
周志方 , 9
周恩来 , 137
周恩来邓颖超 , 2
周振全沈宫轩 , 1
周文华 , 1
周文重 , 1
周明 , 4
周明泰 , 1
周桂英 , 1
周梅森 , 1
周正庆 , 3
周永康 , 1
周泓洋 , 1
周然毅 , 1
周瑜 , 2
周秀兰 , 3
周立群 , 1
周绍铮 , 1
周继强 , 1
周维 , 1
周萌 , 4
周觉 , 2
周解蓉 , 1
周连桥 , 1
周邓 , 2
周郎 , 3
周锡生 , 4
周非 , 1
周鹤洋 , 11
哈塔米 , 13
哈希姆 , 1
哈拉齐 , 3
哈桑 , 9
哈桑纳尔·博尔基亚 , 1
哈梅内伊 , 2
哈比卜·易卜拉欣·阿德利 , 1
哈科特 , 2
哈立法克斯 , 1
哈米提·铁木尔 , 1
哈维尔·索拉纳 , 1
哈罗维兹 , 2
哈翠平 , 1
哈菲兹 , 1
哈贝马斯 , 1
哈里·詹金斯 , 1
哈钦森 , 2
哈韦尔 , 3
哈马·阿马杜 , 2
哈马迪 , 12
哥德巴赫 , 4
哥达 , 1
哥顿 , 1
唐国强 , 1
唐天标 , 1
唐太宗 , 1
唐家璇 , 5
唐岩 , 2
唐敖庆 , 1
唐树森 , 1
唐永淑 , 3
唐汤民 , 1
唐玄宗 , 1
唐维红 , 1
唐耿良 , 2
唐胜利 , 11
唐虹 , 1
唐西生 , 1
商泽军 , 1
喜莲 , 1
喻广生 , 1
喻斌 , 1
嗣杰 , 1
嘉木样·洛桑久美·图丹却吉尼玛 , 1
回良玉 , 3
因苏尔萨 , 1
图伊莱帕·塞莱莱·马列莱高伊 , 1
图拉宗佐达 , 1
图雷斯基 , 2
土井 , 2
土井多贺子 , 1
坎代 , 1
坎宁安 , 1
坎特 , 1
坚宗 , 2
坦皮斯特 , 1
埃克哈德 , 2
埃利奥特·莫尔斯 , 1
埃坦 , 1
埃尔巴坎 , 4
埃弗迪卡哈 , 1
埃拉苏里斯 , 1
埃文 , 2
埃斯波斯托 , 1
埃里卡特 , 5
基尼 , 1
基普凯特 , 1
基辛格 , 2
堀内光雄 , 1
堂吉诃德 , 2
塔吉耶夫 , 2
塔尔博特 , 2
塔帕 , 2
塔拉尔 , 4
塔拉特 , 1
塔拉瓦奈 , 2
塔拉索夫 , 4
塔斯马尼安 , 2
塔纳苏加恩 , 1
塔纳苏干 , 1
塔鲁克·谢赫 , 1
塞尔帕 , 2
塞尔登 , 1
塞泽尔 , 1
塞维里诺 , 3
塞蒙 , 1
塞迪略 , 1
塞韦林 , 2
夏令安 , 1
夏克强 , 2
夏凡 , 1
夏晓云 , 1
夏林 , 4
夏洪青 , 2
夏珺 , 2
夏茸尕布 , 5
夏衍 , 3
夏训诚 , 1
夏赞忠 , 1
夏鹏 , 1
夏鼐 , 1
多兰 , 2
多吉才让 , 6
多恩布什 , 1
多明戈·西亚松 , 1
多迪克 , 3
大月 , 1
大月洋一 , 1
大泽理惠 , 1
太史慈 , 1
夫子 , 1
央杰本 , 2
奇卢巴 , 3
奈什 , 1
奎媛媛 , 1
契诃夫 , 1
奚敏 , 1
奚美娟 , 2
奥尔 , 1
奥尔布赖特 , 19
奥尼尔 , 1
奥山 , 6
奥山由美 , 1
奥德伦 , 1
奥拉西奥·塞尔帕·乌里韦 , 1
奥斯汀 , 2
奥田硕 , 2
奥绍 , 2
奥贝德 , 1
如来佛 , 1
姆卡帕 , 2
姆贝雷南多·武宁邦博 , 1
姚大伟 , 1
姚焕章 , 1
姚自敏 , 1
姚莹 , 1
姜信真 , 1
姜大明 , 2
姜尼拉 , 1
姜昆 , 1
姜春云 , 17
姜渭渔 , 4
姜维朴 , 1
姜雁 , 1
姜黎黎 , 1
威廉·佩里 , 4
威廉·比格尼斯 , 1
威廉·肖 , 2
威廉·莱易斯 , 1
威廉—格拉夫 , 1
子冈 , 1
子刚 , 2
子翼 , 2
孔令志 , 5
孔令辉 , 6
孔夫子 , 4
孔夫寿 , 1
孔子 , 4
孔孟 , 1
孔岩 , 1
孔庆河 , 2
孔明 , 4
孔晓宇 , 4
孔泽尔 , 3
孔玲 , 8
孔祥熙 , 1
孔繁文秦友顺 , 1
孔繁森 , 13
孙中山 , 5
孙为军 , 1
孙俊 , 1
孙俊人 , 1
孙光英 , 1
孙克雄 , 1
孙其峰 , 1
孙凤珍 , 1
孙凯 , 3
孙勇 , 1
孙占山 , 1
孙占海 , 1
孙天义 , 1
孙孚凌 , 8
孙家正 , 2
孙小宝 , 1
孙小平 , 3
孙录 , 9
孙悟空 , 1
孙悦 , 1
孙承斌 , 1
孙文林 , 3
孙文盛 , 10
孙明扬 , 1
孙星文 , 1
孙晓明 , 1
孙权 , 3
孙杰 , 6
孙楚寅 , 1
孙毅 , 1
孙海龙 , 1
孙涛 , 1
孙淑伟 , 9
孙益新赵旭东 , 1
孙秀艳 , 1
孙继海 , 1
孙老 , 2
孙自铎 , 1
孙英 , 1
孙茂庆 , 2
孙荣 , 1
孙道临 , 2
孙金龙 , 2
孙雯 , 2
孟学农 , 1
孟宪励 , 2
孟富林 , 1
孟庆云 , 1
孟德 , 3
孟晓驷 , 1
孟欣 , 4
孟浩然 , 1
孟祥芬 , 1
孟西安 , 1
季允石 , 2
季正清 , 3
季羡林 , 5
宁春红 , 2
宁洪虎 , 7
宁海强 , 1
宁述勇 , 2
安南 , 19
安启元 , 1
安培 , 4
安士伟 , 1
安子文 , 31
安安 , 4
安小虎 , 1
安徒生 , 1
安德烈·科科申 , 3
安德烈斯 , 1
安德烈斯·卡斯特罗 , 2
安德雷斯·科尔 , 1
安德鲁·托马斯 , 3
安成信 , 1
安江 , 2
安洋 , 1
安玉莲 , 1
安部川澄夫 , 1
安金鹏 , 1
宋健 , 15
宋国桐 , 1
宋子文 , 1
宋学武 , 1
宋宝瑞 , 3
宋平 , 3
宋庆龄 , 5
宋德福 , 2
宋振平 , 1
宋新启 , 5
宋晓刚 , 2
宋某 , 2
宋瑞祥 , 1
宋登华 , 1
宋秋山 , 3
宋立杰 , 3
宋臣 , 1
宋金木 , 1
宗泽 , 1
宗福才 , 1
官顺孙益新 , 1
宣林 , 1
宫川 , 2
宫川宏一 , 4
宰赫迪 , 1
密特朗 , 1
寇占文 , 1
尉健行 , 39
尉凤英 , 1
小余 , 1
小军 , 3
小冯 , 4
小婉 , 1
小安 , 1
小平 , 9
小廖 , 1
小张 , 2
小曲 , 2
小村正彦 , 1
小村武 , 4
小林 , 2
小林实 , 2
小林觉 , 1
小泽 , 3
小泽一郎 , 2
小泽辰男 , 1
小渊惠三 , 1
小王 , 2
小田 , 2
小萝卜头 , 1
小许 , 14
小贺 , 5
小贾 , 4
小赵 , 6
小金 , 1
小马 , 1
小Ａ , 4
少颖 , 1
尔兹 , 1
尕玛多吉 , 1
尚慕杰 , 10
尚绪谦 , 2
尚美英 , 14
尚金锁 , 2
尤利安·勒·格兰德 , 1
尤艳春 , 2
尹克升 , 4
尹品端 , 1
尹树广 , 1
尹鸿祝 , 8
尼克松 , 1
尼扎尔·哈姆敦 , 1
尼玛慈仁 , 1
尼赫鲁—甘地 , 5
居里夫人 , 1
屈原 , 1
山下真澄 , 1
山口 , 1
山口光 , 1
山本未来 , 1
山泉萨满 , 1
岳林才 , 1
崔世安 , 1
崔伟 , 1
崔俊波 , 1
崔保山 , 2
崔占福 , 1
崔士鑫 , 1
崔嵩 , 2
崔敏 , 9
崔文华 , 1
崔明勋 , 1
崔木岚 , 1
崔秀庭 , 2
崔秀萍 , 1
崔莺莺 , 1
川·立派 , 9
左文茹 , 1
左洪涛 , 1
左藤惠 , 1
巴人 , 1
巴嘎班迪 , 2
巴尔舍夫斯基 , 1
巴布斯 , 2
巴希尔 , 1
巴拉克 , 1
巴斯 , 1
巴特勒 , 24
巴特尔 , 3
巴瑞特 , 1
巴萨耶夫 , 1
巴赫 , 1
巴音朝鲁 , 2
布什 , 1
布尔加克 , 1
布拉威 , 1
布拉德利·谢弗 , 1
布拉藻斯卡斯 , 2
布朗 , 2
布朗特 , 1
布林卡特 , 1
布约亚 , 2
布莱克·克莱 , 1
布莱尔 , 37
布费 , 1
布赫 , 7
布里坦 , 1
布马扎 , 1
布鲁克 , 1
师永刚范青 , 1
希克迈特·赫朱 , 1
希尔顿 , 2
希思 , 1
希拉克 , 24
希拉里 , 3
希特勒 , 3
希萨诺 , 2
帕卡琳娜 , 6
帕塔塞 , 1
帕尔默 , 1
帕巴蓬·诗里巴尼 , 1
帕帕佐普洛斯 , 1
帕斯曼诺夫 , 1
帕潘德里欧 , 1
帕蓬 , 4
席勒 , 1
席星顺 , 1
常昊 , 14
常满 , 1
平狄克 , 1
幺红 , 1
庄利 , 1
庄福龄 , 1
庄红卫 , 1
庄金宝 , 1
庄霞琴 , 1
库克 , 11
库尔尼科娃 , 6
库巴 , 1
应龙 , 1
庞国兴 , 1
庞国标 , 1
庞圆娜 , 3
庞德 , 2
庞海龙 , 2
座山雕 , 1
康世恩 , 1
康德苏 , 1
康斯坦丁内斯库 , 4
康浦 , 1
康淑兰 , 1
康生 , 3
廖伟兴 , 1
廖先旺 , 1
廖全京 , 1
廖承志 , 1
廖昌永 , 1
廖晖 , 2
廖汉生 , 1
建军 , 2
弗兰克·卡恩 , 1
弗兰克尔 , 1
弗利德里希·博尔 , 1
弗罗兰德 , 1
弗雷德里克·史密斯 , 1
弗雷谢特 , 2
张丁华 , 4
张万年 , 21
张万年迟浩田 , 1
张三 , 1
张三丰 , 1
张业忠 , 1
张东升 , 1
张东文 , 1
张东波 , 3
张严 , 1
张中伟 , 1
张乐平 , 1
张书政 , 1
张书政秉广向军 , 1
张京 , 1
张伟良 , 1
张传宣 , 1
张伯海 , 1
张伯驹 , 1
张俊以 , 6
张俊成 , 1
张信哲 , 1
张允 , 1
张先国 , 2
张光斗 , 2
张克辉 , 2
张全景 , 2
张剑红 , 1
张勇 , 11
张勇军 , 2
张华明 , 1
张卓元 , 1
张卫平 , 1
张厚载 , 1
张友生 , 1
张发奎 , 1
张发强 , 4
张同钰 , 1
张向东 , 2
张君瑞 , 1
张善子 , 1
张国伟 , 7
张国光 , 1
张国凤 , 1
张国成 , 3
张国文 , 1
张大千 , 1
张大和 , 1
张如亮 , 2
张子善 , 2
张学良 , 1
张宁斌 , 1
张安惠 , 6
张宝义 , 1
张宝军 , 2
张宝林 , 1
张宿堂 , 7
张尉 , 1
张岸涛裴双喜郝建平 , 1
张左己 , 1
张平 , 1
张庆 , 1
张庆霞 , 1
张应银 , 1
张应银樊增民 , 1
张庚 , 1
张廷发 , 2
张廷翰 , 3
张建堂 , 1
张建康 , 1
张建新 , 1
张建珍 , 1
张建良 , 4
张开干 , 3
张彬 , 1
张德元 , 1
张德广 , 1
张德江 , 1
张德纯 , 2
张志军 , 1
张志刚 , 2
张志辉 , 1
张思卿 , 3
张思德 , 1
张怡 , 2
张悌 , 2
张悦 , 1
张慧慧 , 1
张承凤 , 1
张持坚 , 1
张捷林 , 1
张攀 , 3
张敏 , 5
张文学 , 1
张日 , 3
张明远 , 1
张春园 , 2
张晓伟 , 18
张晓晶 , 1
张晔 , 1
张月亭 , 1
张权 , 1
张某 , 7
张桂溪 , 3
张次溪 , 1
张步洲 , 1
张永兴 , 1
张河燕 , 1
张治平安少兵 , 2
张泽易 , 1
张泽田 , 4
张津京 , 1
张洪斌 , 4
张洪普王洪友信宝忠 , 1
张洪河 , 2
张海丽 , 1
张海泉 , 1
张海迪 , 2
张涛 , 1
张润莲 , 1
张淑英 , 2
张湘茹张和平 , 1
张炯强 , 1
张爱民 , 1
张玉平 , 1
张玉敏 , 1
张琨锐 , 1
张瑞甫 , 1
张瑞芳 , 1
张璇 , 4
张登义 , 1
张礼慧 , 1
张祖德 , 6
张秉贵 , 5
张穗 , 1
张立昌 , 1
张素贞 , 1
张纪中 , 2
张继钢 , 1
张维萍 , 1
张罗 , 3
张耒 , 1
张肖伦 , 1
张胜雄 , 1
张良基 , 2
张茜 , 1
张荣典 , 11
张荣茂 , 1
张莹莹 , 2
张衡 , 1
张裕民 , 1
张贵剑 , 1
张跃进 , 1
张运 , 1
张连文 , 1
张道诚 , 1
张金海 , 1
张金金 , 3
张钊 , 1
张铁柱 , 2
张铁钢 , 1
张铚秀 , 1
张锦文 , 2
张锦胜 , 2
张震 , 4
张青 , 1
张革 , 1
张颖 , 1
张飞云 , 1
张馨 , 1
张鹏 , 2
强卫 , 2
强强 , 28
归通昌 , 1
归通昌张兴华 , 1
彭俊 , 1
彭冲 , 1
彭嘉陵 , 1
彭孜林 , 1
彭尼·理查兹 , 1
彭德怀 , 2
彭扬 , 1
彭楚政 , 54
彭珮云 , 2
彭真 , 1
彭育群 , 1
彼得 , 2
彼得·罗曼 , 1
彼比 , 1
彼特·加纳维奇 , 1
徐世瑶 , 1
徐业刚 , 1
徐丽君 , 1
徐义昭 , 2
徐俊 , 1
徐光春 , 1
徐凌霄 , 1
徐刚 , 1
徐勍 , 1
徐匡迪 , 4
徐卫东 , 1
徐壮志 , 1
徐天红 , 1
徐奉洙 , 1
徐学成 , 1
徐寅生 , 4
徐小帆 , 1
徐峰丽 , 3
徐建中 , 1
徐建国 , 1
徐建荣 , 1
徐悲鸿 , 5
徐惟诚 , 2
徐才 , 1
徐振海 , 1
徐敦信 , 1
徐明忠 , 9
徐春丽 , 1
徐晓 , 1
徐晓钟 , 2
徐有芳 , 4
徐机玲 , 2
徐杰 , 4
徐柏玉 , 14
徐殿举 , 1
徐殿龙 , 2
徐水云 , 1
徐永光 , 1
徐江善 , 1
徐洪刚 , 2
徐浩 , 1
徐渭 , 1
徐灵芝 , 1
徐灿根 , 1
徐然 , 1
徐祝庆 , 1
徐肖冰 , 1
徐虎 , 8
徐贻聪 , 1
徐跃起 , 1
徐迟 , 2
徐金娣 , 1
徐锡安 , 1
徐高文 , 2
德博格拉夫 , 1
德德玛 , 1
德拉米拉 , 1
德桑蒂斯 , 6
德米雷尔 , 1
德西尔吉 , 1
德雷克 , 5
忠菊 , 1
忠辉 , 1
思文 , 1
恩佐 , 8
恩古巴尼 , 1
恩斯特·曼德尔 , 1
恩来 , 11
恩格尔 , 3
恩格斯 , 15
恩米 , 14
恩苏尔 , 1
惠兆龙 , 1
惠然 , 1
惠珍 , 5
愚公 , 1
慎海雄 , 1
慕凌飞 , 6
慕绥新 , 1
慧母 , 4
戈尔 , 2
戈里 , 2
戎克惠 , 1
戎冠秀 , 1
成元功 , 1
成元生 , 1
成思危 , 1
成方圆 , 2
成龙 , 3
戚德良 , 7
戴·沃维利斯 , 1
戴克瑞 , 1
戴巍 , 1
戴敦邦 , 7
戴月琴 , 1
戴爱莲 , 1
戴相龙 , 9
戴碧蓉 , 6
戴秉国 , 3
戴维·沃尔夫 , 3
戴肯 , 2
戴英禄 , 1
戴露 , 2
戴韫 , 1
戴高乐 , 3
房印婉 , 1
房龙 , 1
扈三娘 , 1
扎耶德 , 8
托多贝尔多 , 1
托尼·布莱尔 , 1
托普 , 1
托玛斯 , 1
托绍夫斯基 , 2
托罗普采夫 , 3
托马 , 1
托马斯 , 8
托马斯·萨维 , 3
承志 , 1
披集·拉达军 , 1
拉·甘地 , 2
拉什科 , 3
拉卡兹 , 1
拉吉夫·甘地 , 6
拉多克 , 1
拉巴尼 , 2
拉希德 , 1
拉扎尔·贝尔曼 , 1
拉托 , 1
拉法耶 , 1
拉茂雍增·洛桑克珠嘉措 , 1
拉莫斯 , 4
拉菲克·塔拉尔 , 1
拉蒙·劳达雷斯 , 1
拉赫曼 , 1
拉赫莫诺夫 , 3
拉迪 , 1
拉那烈 , 4
拿破仑 , 1
摇音 , 1
摩根 , 1
撒切尔 , 3
支林飞 , 7
文一 , 2
文同 , 2
文周 , 1
文天祥 , 1
斯·福塞特 , 1
斯·费舍尔 , 1
斯兰 , 2
斯兰蒂耶夫 , 1
斯卡尔法罗 , 4
斯坦利·费希尔 , 1
斯大林 , 2
斯泰思 , 1
斯泰格 , 1
斯洛科姆 , 3
斯特里特 , 1
斯科特·里特 , 1
斯考克罗夫特 , 1
斯蒂格利茨 , 1
斯马亚 , 1
新凤霞 , 1
方云伟 , 1
方兆祥 , 1
方向 , 1
方天丰 , 1
方工 , 1
方明东 , 2
方瑾 , 1
方生 , 1
方益波 , 1
方青卓 , 1
方鸣 , 7
施尼德 , 1
施明慎 , 5
施春生 , 1
施特劳斯 , 2
施琅 , 1
施瓦布 , 3
施耐庵 , 1
施行 , 1
时传祥 , 3
昂里埃特 , 1
昊玺 , 1
明仁 , 1
易某 , 2
易爱军 , 1
春姑 , 8
春婆 , 4
春花 , 10
晋朝荣 , 1
晋正言 , 1
晓东 , 1
晓章 , 1
晓赖 , 1
普吕厄 , 3
普拉夫希奇 , 2
普罗迪 , 9
普里马科夫 , 17
景如月 , 1
曲印 , 2
曲德林 , 1
曲志红 , 2
曲比阿乌 , 1
曲渊 , 1
曹亚范 , 1
曹代英 , 5
曹伯纯 , 3
曹冬梅 , 1
曹刚川 , 3
曹剑杰 , 2
曹卫萍 , 1
曹大元 , 2
曹孟德 , 1
曹广亮 , 1
曹志 , 5
曹操 , 4
曹文芳 , 1
曹斌 , 1
曹海明 , 1
曹灿 , 1
曹禺 , 5
曹薰铉 , 1
曹雪芹 , 1
曼德尔 , 1
曼德拉 , 6
曾启亮 , 9
曾培炎 , 1
曾宪梓 , 2
曾庆红 , 9
曾昭斌 , 1
曾荫权 , 1
曾辛元 , 7
朗穷 , 2
朗费罗 , 1
朝克 , 1
木庭健太郎 , 1
本·贾马 , 1
本·阿里 , 3
本西德 , 2
朱一民 , 1
朱伯儒 , 1
朱作霖 , 1
朱佩 , 1
朱允友 , 1
朱光亚 , 7
朱光华 , 1
朱克川 , 2
朱兴伟 , 1
朱军 , 1
朱利埃 , 1
朱剑红 , 2
朱哲琴 , 1
朱安 , 1
朱宝善 , 1
朱家印 , 4
朱富贤 , 1
朱幼棣 , 9
朱开轩 , 4
朱德 , 6
朱振义 , 1
朱振江 , 1
朱昌骏 , 2
朱梦魁 , 2
朱森林 , 3
朱治德 , 1
朱玖 , 1
朱玲 , 2
朱皮娜 , 1
朱穆之 , 1
朱育理 , 1
朱自清 , 1
朱英璜 , 1
朱训 , 4
朱语今 , 1
朱邦造 , 2
朱镕基 , 25
朱镕基李瑞环胡锦涛尉健行李岚清 , 1
朱飞 , 1
杉山绢子 , 1
李世南 , 3
李为昌 , 5
李义山 , 1
李争艳 , 2
李云才 , 1
李云飞 , 5
李五成 , 1
李井泉 , 1
李亚彪 , 1
李京文 , 1
李人俊 , 1
李仁臣 , 1
李伯勇 , 1
李伯康 , 1
李佩 , 1
李佩甫 , 1
李佳军 , 1
李俊东 , 1
李光辉 , 3
李克因 , 1
李克强 , 2
李兴桂 , 2
李军 , 1
李冰 , 4
李准 , 1
李凤林 , 2
李凯亭 , 1
李努尔 , 1
李升 , 3
李卫天 , 1
李发斌 , 1
李启旺 , 3
李商隐 , 1
李嘉诚 , 2
李四 , 1
李四光 , 7
李国安 , 4
李圣宰 , 3
李坤元 , 1
李天碧 , 1
李学仁 , 1
李宁 , 17
李宗仁 , 1
李宙泫 , 2
李家声 , 1
李家忠 , 2
李家杰 , 1
李家泉 , 1
李富春 , 2
李富荣 , 3
李少英 , 2
李尔青 , 1
李岚清 , 73
李岩 , 1
李广尊 , 1
李广松 , 1
李廷栋 , 1
李建中 , 1
李建兴 , 2
李建国 , 6
李德伦 , 3
李德安任记 , 1
李德才 , 1
李德洙 , 2
李德生 , 5
李心草 , 1
李志坚 , 2
李志强 , 1
李志敏于燕文 , 1
李忠杰 , 1
李惟一 , 1
李成仁 , 1
李才 , 1
李振东 , 1
李振声 , 1
李政 , 1
李政道 , 16
李敏 , 2
李敬臣 , 1
李文 , 9
李文根 , 4
李斌 , 3
李新烽 , 2
李新良 , 1
李昌镐 , 3
李明 , 1
李明放 , 1
李春久 , 3
李晓 , 1
李晓玲 , 1
李晓航 , 1
李景卫 , 1
李景田 , 1
李晴祺 , 2
李智屏 , 1
李朝阳 , 1
李本忠 , 1
李术峰 , 5
李杰 , 1
李某 , 6
李树文 , 3
李树深 , 1
李树清 , 3
李梦华 , 1
李殿仁 , 1
李毅 , 1
李水清 , 2
李永健 , 2
李治亭 , 1
李泊溪 , 1
李泽广 , 1
李洪 , 1
李浩翔 , 1
李涛 , 3
李润五 , 4
李淑芳 , 1
李清华 , 1
李清林 , 4
李清照 , 2
李源潮 , 1
李烈苍 , 3
李焕之 , 1
李燕子 , 1
李爱华 , 1
李特特 , 1
李玉莲 , 1
李琳 , 2
李瑞环 , 23
李生南 , 1
李登柱 , 1
李石 , 1
李石元 , 1
李硕勋 , 1
李礼章 , 1
李祖中 , 1
李福勇 , 1
李福善 , 1
李秋平 , 1
李素丽 , 9
李红旗 , 1
李纪周 , 2
李维平 , 1
李耀文 , 1
李肇星 , 2
李自祥 , 1
李自良 , 1
李至伦 , 1
李舫 , 4
李舸 , 3
李芳 , 5
李若凡 , 2
李苦禅 , 1
李茹 , 1
李荣娟 , 2
李菊 , 2
李薇 , 1
李豆罗 , 1
李象益 , 2
李财源 , 1
李贵鲜 , 9
李贺普 , 2
李赣骝 , 2
李进才 , 1
李述 , 1
李逵 , 2
李道豫 , 9
李金建 , 1
李金文 , 1
李铁映 , 21
李长久 , 1
李长云 , 9
李长春 , 2
李长水 , 11
李长顺 , 1
李雁荡 , 1
李雅芳 , 1
李青山 , 1
李香兰 , 1
李高潮 , 1
李鲲 , 1
李鹏 , 139
李鹏乔石朱镕基李瑞环刘华清尉健行李岚清荣毅仁 , 1
李鹏乔石朱镕基李瑞环胡锦涛李岚清 , 1
李鹏邹家华 , 1
村山富市 , 1
杜五安 , 1
杜勇 , 1
杜华举 , 1
杜天清 , 1
杜宝平 , 1
杜延明 , 1
杜比宁 , 1
杜甫 , 1
杜英姿 , 2
杜辉廉 , 1
杜远难 , 1
杜铁环 , 2
杜青林 , 4
杜马斯 , 2
杜马舍夫 , 2
束怀德 , 1
杨丽华 , 5
杨丽霞 , 1
杨乃卿 , 1
杨久庸 , 1
杨仕玲 , 1
杨伟光 , 1
杨修 , 1
杨健 , 2
杨元勇 , 3
杨光 , 6
杨兰荪 , 1
杨兴国 , 1
杨匡汉 , 1
杨华升 , 1
杨占芳 , 2
杨咏桔 , 1
杨咏沂 , 1
杨国亮 , 1
杨国屏 , 1
杨国庆 , 2
杨国强 , 7
杨士龙 , 1
杨大生 , 1
杨子荣 , 1
杨少波 , 1
杨尚昆万里宋平薄一波宋任穷 , 1
杨广 , 1
杨建华 , 1
杨影 , 5
杨得志 , 1
杨志娟王常顺 , 1
杨志望 , 1
杨思泽 , 1
杨总 , 1
杨成明 , 1
杨拯陆 , 2
杨振义 , 1
杨振宁 , 1
杨振武 , 1
杨文道 , 1
杨斌 , 1
杨斯德 , 1
杨明 , 1
杨明方 , 3
杨春贵 , 1
杨晓波 , 1
杨晓霞 , 2
杨晔 , 2
杨晨 , 1
杨月华 , 1
杨朝明 , 3
杨树山 , 1
杨树德 , 1
杨根思 , 1
杨正泉 , 1
杨汝岱 , 2
杨泓 , 1
杨波 , 1
杨洁篪 , 1
杨海洋 , 1
杨海韬 , 2
杨秀梅 , 3
杨纪珂 , 1
杨群旺 , 1
杨育才 , 1
杨茂儒 , 1
杨虎城 , 2
杨衍银 , 1
杨贵兰 , 3
杨迁 , 1
杨道金钟研 , 1
杨铮 , 1
杨阳 , 1
杨雪芬 , 1
杨震 , 1
杨青 , 3
杨高中 , 2
杭文欣 , 1
杰克 , 4
杰姆 , 1
松下幸之助 , 1
松永光 , 1
林×× , 1
林丽韫 , 1
林冲 , 1
林则徐 , 3
林利 , 1
林勇 , 1
林华卿 , 29
林小顺 , 1
林峰 , 2
林庆春 , 2
林彪 , 2
林彻·里茨玛 , 1
林志平 , 1
林总 , 1
林政志 , 5
林散之 , 6
林文漪 , 1
林春生 , 2
林晓东 , 1
林月琴 , 2
林杉 , 1
林树森 , 1
林楠 , 1
林永建 , 1
林海峰 , 2
林瑞康 , 1
林耀 , 9
林菱 , 4
林觉民 , 1
林连昆 , 1
林遵 , 4
林风眠 , 4
林鹏 , 1
林默涵 , 1
果强 , 1
果永毅 , 6
柏兵 , 1
查尔斯 , 1
查济民 , 1
查理·曼德 , 1
柯亨 , 1
柯灵 , 1
柱柱 , 1
柳公权 , 1
柳军飞 , 1
柳大华 , 1
柳宗夏 , 1
柳斌 , 1
柳时熏 , 2
柳欣 , 1
柳海峰 , 1
柳青 , 1
柴俊民 , 1
柴可夫斯基 , 3
柴宝成 , 1
柴茂 , 1
根茨 , 2
格朗尼 , 1
格林 , 4
格林斯潘 , 2
格雷厄姆·弗赖 , 2
桂晓风 , 1
桑佩尔 , 1
桑普拉斯 , 7
桑杰 , 1
桑燕 , 1
桑特 , 10
桑福·威尔 , 1
桥本 , 27
桥本龙太郎 , 11
梁伯韬 , 1
梁兆勇 , 1
梁军 , 8
梁刘柔芬 , 1
梁吉生 , 1
梁启超 , 2
梁坤奠 , 5
梁士华胡涛 , 1
梁娟 , 1
梁山伯 , 2
梁平波 , 1
梁建强 , 1
梁德妍 , 2
梁必业 , 1
梁思成 , 1
梁惠珍 , 13
梁文龙 , 1
梁晓声 , 1
梁汝堂 , 2
梁爱诗 , 1
梁金泉 , 1
梁颖 , 1
梅兆荣 , 2
梅兰芳 , 1
梅内姆 , 3
梅塔 , 2
梅尔克特 , 1
梅杰 , 2
梅永存 , 1
梅益 , 1
梅里 , 2
梭罗 , 3
梵高 , 1
植关进 , 1
樊如钧 , 1
樊本奎 , 3
樊玲 , 2
樊福祥 , 1
樊纲 , 1
樱内 , 3
樱内义雄 , 5
欧德·威博 , 1
欧文 , 1
欧智华 , 1
欧阳 , 1
欧阳修 , 3
欧阳吟 , 1
欧阳海 , 1
欧阳琦琳 , 1
欧阳询 , 1
歌德 , 5
武仁盈 , 3
武则天 , 1
武士敏 , 1
武大伟 , 1
武定远 , 7
武宣 , 1
武宽 , 1
武建霞 , 1
武春河 , 1
武松 , 1
武立天 , 2
武立祥 , 1
武藤敏郎 , 2
武连元 , 1
武道进 , 3
段嵘 , 1
段春来 , 3
段羡菊 , 1
段芝璞 , 3
殷学成 , 1
殷立青 , 1
比什凯克 , 1
比尔·盖茨 , 3
比昂尼克 , 1
毕全忠 , 5
毕淑敏 , 1
毛众役 , 1
毛宁 , 1
毛新宇 , 1
毛泽东 , 51
毛磊 , 5
毛雪良 , 1
汉佩尔 , 2
汉修 , 1
江世杰 , 2
江亚平 , 2
江南 , 1
江国成 , 3
江夏 , 1
江姐 , 1
江山 , 1
江建国 , 2
江泽慧 , 1
江泽民 , 270
江泽民李鹏乔石朱镕基李瑞环刘华清胡锦涛尉健行李岚清 , 1
江泽民李鹏乔石朱镕基李瑞环刘华清胡锦涛尉健行李岚清荣毅仁 , 1
江洋龙 , 1
江涛 , 1
江玉 , 1
江红 , 6
江虹 , 1
江青 , 1
江靖弋 , 1
池北偶 , 1
汤佩松 , 2
汤普森 , 6
汤民仁 , 1
汤涧 , 1
汤老 , 1
汤马索·姜尼拉 , 1
汪丁丁 , 2
汪啸风 , 2
汪大昭 , 1
汪家镠 , 1
汪懋华 , 1
汪有富 , 1
汪洪洋 , 1
汪瑞仁 , 2
汪荣华 , 1
汪葆明 , 1
汪见虹 , 3
汪道涵 , 1
汪金福 , 5
汪锋 , 2
沃伊卢科夫 , 1
沃勒贝克 , 5
沃尔克 , 1
沃尔夫 , 1
沃尔斯费尔德 , 1
沃纳·福诺斯 , 1
沈善文 , 1
沈国放 , 6
沈学龙 , 1
沈安 , 1
沈文英 , 1
沈月端 , 1
沈某 , 5
沈根荣 , 1
沈海东 , 1
沈西梦 , 1
沈达人 , 1
沈钧儒 , 1
沈震林 , 1
沈龙生 , 1
沙利卡什维利 , 1
沙曼 , 1
沙曼·维雅吉 , 1
沙理士 , 2
沙陀 , 1
沙龙 , 2
法拉第 , 1
法比奥·穆西 , 1
法比尤斯 , 1
法老王彼比 , 1
法鲁克·卡杜米 , 1
波尔 , 9
波波夫 , 20
波特 , 5
波苏瓦柳克 , 3
泰勒尔 , 1
泰森 , 5
泽仁桑珠 , 2
泽民 , 1
泽琳 , 1
泽鲁阿勒 , 10
洛克菲勒 , 1
津田昌宏 , 1
洪兆惠 , 1
洪学智 , 1
洪岩 , 1
洪应明 , 1
洪成南 , 2
洪普洲 , 2
洪森 , 7
洪秉明 , 8
洪虎 , 2
洪银兴 , 1
济公 , 4
浦熙修 , 1
海尔 , 1
海斯 , 1
海明威 , 2
海顿 , 3
海鲁拉耶夫 , 3
涂勇 , 2
涅姆佐夫 , 3
涅斯捷鲁什金 , 1
润五 , 2
温光春 , 1
温姐 , 2
温宪 , 6
温家宝 , 21
温红彦 , 2
游本昌 , 2
溥心 , 1
滕万翠 , 3
滕文骥 , 1
潘东香 , 1
潘克拉托夫 , 2
潘善棠 , 1
潘国立 , 1
潘堂林 , 1
潘多 , 1
潘帝都 , 1
潘承洞 , 1
潘文凯 , 2
潘月樵 , 1
潘梓年 , 2
潘汉年 , 31
潘立文 , 3
潘赛菊 , 3
潘长江 , 1
潘震宙 , 1
濑田裕子 , 1
濮存昕 , 2
热瓦甫 , 7
焦尔乔·洛迪 , 1
焦裕禄 , 4
焦金凤 , 1
焦锦淼 , 1
熊俊陵 , 1
熊光楷 , 8
熊国鸣 , 1
熊幽 , 1
熊清泉 , 1
熊自仁 , 1
燕慧英张广志 , 1
爱丽丝 , 1
爱德华·劳森 , 1
爱迪生 , 1
片冈聪 , 1
牛健峰 , 1
牛凤安 , 1
牛占山 , 1
牛玉亮 , 2
牛群 , 1
牟健为 , 1
牟爱牧 , 2
特林布尔 , 1
特沃杰雷 , 1
特洛克 , 1
特里·恩赖特 , 2
玉荣 , 14
王一平 , 1
王三运 , 4
王世平 , 1
王丙乾 , 2
王为民 , 1
王义亮 , 1
王乐泉 , 1
王五 , 1
王亚东 , 4
王伟 , 1
王伟林 , 5
王传河 , 1
王保俊 , 1
王兆国 , 8
王光英 , 10
王克 , 9
王兰 , 1
王凤俊 , 1
王凤兴 , 9
王凤起 , 1
王凤超 , 1
王刚 , 1
王力军 , 1
王华英 , 1
王南 , 5
王卫东 , 1
王卫国 , 1
王发清 , 2
王同祥 , 1
王启人 , 1
王启明 , 1
王启民 , 10
王嘉廉 , 6
王国华 , 1
王国栋 , 25
王国维 , 2
王国藩 , 1
王坪 , 1
王堇屹 , 1
王士珍 , 1
王天凌 , 4
王太华 , 1
王夫棠 , 1
王奎庆 , 2
王姬 , 1
王孟斌 , 4
王学泰 , 1
王学贤 , 6
王宁 , 1
王守海 , 4
王安石 , 1
王宏 , 3
王宏民 , 1
王定国 , 2
王宝林 , 1
王宝森 , 6
王宝钏 , 1
王家言 , 1
王小云 , 1
王小妮 , 1
王尚英 , 1
王尧 , 1
王崇伦 , 1
王巨禄 , 1
王庆芝 , 1
王廷江 , 4
王建功 , 1
王建华 , 1
王建民 , 2
王建英 , 2
王彦田 , 1
王德槟 , 2
王志信 , 1
王志勇 , 3
王志钧 , 1
王忠菊 , 1
王怀让 , 1
王怀远 , 1
王思齐 , 1
王慧明 , 1
王承华 , 3
王振亚 , 3
王振昌 , 11
王振武 , 1
王政 , 2
王文杰 , 1
王新亭 , 1
王新庆 , 2
王新民 , 2
王新让 , 1
王明 , 1
王明山 , 1
王春露 , 1
王晓 , 1
王晓群 , 1
王晨 , 11
王林昌 , 4
王柏林 , 1
王某 , 2
王标 , 1
王树文 , 2
王桂云 , 1
王森浩 , 1
王楠 , 3
王正平 , 1
王正忠 , 1
王武 , 1
王比学 , 1
王永学 , 1
王永治 , 1
王汉斌 , 4
王沛林 , 4
王沛津 , 1
王波 , 4
王洁萍 , 1
王洛宾 , 1
王润培 , 2
王淦昌 , 1
王火 , 2
王炜 , 1
王照华 , 1
王照环 , 2
王燕 , 1
王爱花 , 1
王献之 , 1
王玉柱 , 1
王玉武 , 1
王玉江 , 1
王玉锦 , 1
王琳娜 , 1
王瑜 , 1
王瑞林 , 6
王璐娜 , 2
王生铁 , 1
王磊 , 19
王秉锐 , 1
王立惠 , 1
王立民 , 1
王素琴 , 1
王美珍 , 3
王羲之 , 1
王芳 , 3
王芷章 , 1
王英 , 1
王英凡 , 5
王茂林 , 1
王荣久 , 1
王荣生 , 1
王荩卿 , 1
王莲香 , 1
王萍王雷鸣 , 1
王蔚 , 1
王蕾 , 1
王言彬 , 3
王诚 , 1
王谦 , 1
王财章 , 1
王辉 , 2
王进喜 , 4
王连志 , 8
王连铮 , 1
王选 , 1
王遐方 , 1
王金春 , 1
王金涛 , 1
王铁成 , 1
王锦鹄 , 1
王长山 , 1
王雷鸣 , 2
王霄鹏 , 1
王霞光 , 7
王霞林 , 1
王露丹 , 1
王非 , 1
王频 , 2
王飞 , 2
王魁 , 1
王鹏 , 1
王黎 , 6
玛丽·鲁滨逊 , 1
玛丽亚 , 1
玛丽娜 , 9
玛依拉 , 1
玛加丽塔 , 1
玛格丽特·贝克特 , 2
班承开 , 2
瑟比娜 , 1
瑟蒙德 , 1
瓦内 , 1
瓦力 , 4
瓦尔德海姆 , 1
瓦扬·古久里 , 1
瓦茨拉夫·哈韦尔 , 1
瓦西姆 , 1
甄炳禧 , 1
甘有根 , 1
甘英 , 1
田三喜 , 1
田中 , 1
田中角荣 , 3
田亮 , 12
田俊荣 , 1
田凤山 , 2
田华 , 2
田少东 , 1
田岛宁子 , 1
田建斌 , 1
田曾佩 , 1
田永胜 , 1
田汉 , 1
田沛发 , 5
田泓 , 1
田泳 , 7
田流 , 4
田献氢 , 1
田玉斌 , 1
田纪云 , 1
田聪明 , 1
申兰旺 , 1
申军谊 , 1
申思 , 1
白克明 , 1
白冰 , 1
白冰冰 , 2
白剑峰 , 3
白友善 , 2
白圭司 , 1
白宇 , 1
白尚显 , 1
白文建 , 2
白晓燕 , 3
白求恩 , 1
白江 , 2
白滨一良 , 1
白燕 , 1
白燕升 , 2
白玉霜 , 2
白石 , 2
皮克林 , 2
皮埃尔·奥绍 , 3
皮奥利内 , 1
盖叫天 , 1
盖德 , 1
盖茨 , 1
盖金东 , 2
盛世良 , 2
盛中国 , 1
盛云龙 , 10
盛和帮 , 2
盛国兰 , 2
盛大勇 , 1
瞿弦和 , 1
瞿正祥 , 1
瞿韵 , 1
石兆彬 , 1
石四皓 , 1
石学海 , 10
石宏图 , 1
石宝良 , 2
石正东 , 1
石永春 , 1
石田退三 , 1
石祥 , 1
石秀诗 , 4
石菊香 , 1
石蓓莘 , 1
石风科 , 1
石鲁 , 5
祁智 , 1
祖冲之 , 1
祖马 , 1
祝华新 , 2
祝有容 , 3
祝英台 , 2
神崎武法 , 2
福印 , 1
福塞特 , 5
福尔加奇 , 1
福斯特 , 1
福王 , 1
秀秀 , 1
秋山生哉 , 1
秋瑾 , 2
秋里 , 1
科利姆 , 3
科尔 , 9
科恩 , 34
科普捷夫 , 1
科林巴 , 1
科洛科娃 , 1
科爱华 , 1
科瓦尔 , 2
科瓦茨 , 1
科留奇科娃 , 1
科科申 , 10
科罗切尼亚 , 1
科达 , 1
科雷 , 16
科雷特加 , 1
秦凤桐 , 1
秦华孙 , 6
秦始皇 , 5
秦宪进 , 1
秦富明 , 1
秦惠（君音） , 8
秦文俊 , 1
秦晖 , 1
秦杰 , 2
秦杰向兵 , 1
秦桧 , 1
秦满江 , 1
秦秀英 , 1
秦秋谷 , 1
秦艺源 , 4
程东海 , 1
程增强 , 2
程学源 , 1
程宝群 , 5
程建勋 , 2
程志 , 1
程思远 , 4
程晓玲 , 1
程某 , 1
程潜 , 1
程红根 , 1
程维高 , 3
程铁生 , 1
稽道青 , 1
穆加贝 , 1
穆勒尔 , 1
穆哈默德 , 1
穆巴拉克 , 11
穆拉德·穆拉尔吉 , 1
穆文 , 1
穆斯塔法 , 1
穆斯塔法·本·马苏尔 , 1
穆树军 , 1
穆桂英 , 1
穆罕默德 , 3
穆罕默德·侯赛因·马拉埃克 , 1
穆罕默德·拉斐克·塔拉尔 , 1
穆萨 , 5
穆蒂 , 1
穆迪奥诺 , 4
穆青 , 1
窦哥 , 2
窦旭山 , 1
窦连东 , 10
章东新 , 1
章平 , 1
章念生 , 1
章爱龙 , 1
童志成 , 33
童童 , 3
童自荣 , 2
竹君 , 3
符卫建 , 4
符泉生 , 8
符福渊 , 3
简世辉 , 7
管易文 , 1
米·斯拉德克 , 1
米勒 , 1
米哈伊 , 6
米哈伊洛夫 , 1
米开朗琪罗 , 2
米歇尔 , 1
米歇尔·德梅西纳 , 1
米歇尔·阿代希安 , 1
米洛·久卡诺维奇 , 1
米洛舍维奇 , 1
米芾 , 1
粟裕 , 1
素博塔 , 1
素博塔·玛莎立 , 1
索尔·埃斯特林 , 1
索尼亚 , 11
索尼亚·甘地 , 1
索戈尔 , 1
索拉纳 , 1
索朗罗布 , 1
索研 , 1
索罗斯 , 2
索罗金 , 1
红嫂 , 12
约瑟 , 1
约翰·克鲁吉 , 3
约翰·加朗 , 1
约翰·吉尔伯特 , 1
约翰·戴维特 , 1
约翰·施特劳斯 , 1
约翰·洛克菲勒 , 1
约翰·罗默 , 1
纪文 , 1
纪文霞 , 1
纪鸿尚 , 1
纳扎尔巴耶夫 , 4
纳斯拉拉赫 , 2
纳波里塔诺 , 1
纳瓦兹·谢里夫 , 1
纳诺 , 2
纽伯瑞 , 8
细川 , 2
细川护熙 , 1
绍尔·伯尔穆特 , 1
绍罗什 , 7
绢子 , 2
维·威廉姆斯 , 2
维·布朗卡 , 1
维亚希列夫 , 1
维伦纽夫 , 1
维松 , 1
维阿特金 , 1
缪青民 , 1
罗世文 , 1
罗以军 , 5
罗伯托·阿尔沃雷斯·纪廉 , 1
罗伯特·布莱克 , 1
罗伯特·鲁宾 , 1
罗冠京 , 1
罗华 , 1
罗多尔佛·塞尔特扎·塞维里诺 , 1
罗宜明 , 1
罗宾·库克 , 3
罗布尔 , 1
罗帅 , 2
罗干 , 21
罗广基 , 1
罗康雄 , 2
罗德—拉森 , 3
罗思 , 1
罗成群 , 1
罗斌 , 3
罗斯 , 16
罗新代 , 1
罗昌爱 , 2
罗明 , 1
罗春华 , 1
罗晋标 , 1
罗景民 , 1
罗曼 , 1
罗曼·罗兰 , 1
罗桂英 , 2
罗森加特 , 1
罗毅刚 , 2
罗泽秀 , 5
罗洗河 , 1
罗玉文 , 6
罗瓦伊纳 , 1
罗盘 , 1
罗纳尔多 , 3
罗致焕 , 1
罗茂城 , 2
罗荣桓 , 27
罗莎·卢森堡 , 1
罗萨里奥·格林 , 1
罗豪才 , 1
罗贵英 , 4
罗辉 , 8
罗雪村 , 1
罗马诺·普罗迪 , 1
罗高寿 , 4
羽田 , 1
羽田孜 , 2
翁霍 , 1
翟俊杰 , 3
翟培银 , 1
翟景升 , 1
翟雪梅 , 1
翦伯赞 , 1
翩翩 , 3
老何 , 5
老侯 , 2
老刘 , 1
老吴 , 2
老张 , 11
老懋 , 1
老秦 , 1
老童 , 4
老舍 , 2
老萧 , 1
老许 , 4
老谭 , 1
老赵 , 2
老那 , 2
老邱 , 5
老郑 , 1
老马 , 1
老黄 , 1
耐克 , 1
耶稣 , 5
耿立 , 1
聂卫平 , 6
聂永芳 , 3
聂煜 , 1
聂荣臻 , 1
聪儿 , 1
肖克 , 1
肖克凡 , 1
肖兰 , 2
肖冠军 , 1
肖建刚 , 1
肖强 , 8
肖惟真 , 1
肖成林 , 1
肖新博 , 2
肖炼 , 1
肖璞 , 1
肖红 , 1
肖荻 , 1
肖雄 , 2
肯代尔 , 1
胡世庆 , 4
胡光宝 , 1
胡公 , 1
胡利奥·鲁伊斯 , 1
胡勇方 , 1
胡卫东 , 1
胡喜魁 , 1
胡家勇 , 1
胡富国 , 8
胡希捷 , 2
胡平 , 1
胡应龙 , 1
胡建平 , 1
胡彩玲 , 2
胡志方 , 1
胡志明 , 9
胡忠友 , 21
胡恩勇 , 4
胡明 , 1
胡春华 , 3
胡昭衡 , 1
胡晓梦 , 2
胡柳方 , 1
胡栋 , 1
胡桃 , 1
胡氏 , 3
胡汉方 , 3
胡滨娜 , 1
胡花蕊 , 6
胡荣华 , 1
胡训军 , 2
胡跃平龙益飞 , 1
胡辛 , 1
胡适 , 2
胡锦涛 , 16
腾华 , 1
臧天朔 , 1
舍拉利·海鲁拉耶夫 , 3
舍比拉特 , 5
舒圣佑 , 1
舒婷 , 2
舒尔茨 , 1
舒惠国 , 1
舒曼 , 1
艾力肯 , 1
艾博雅 , 1
艾哈迈德·本·穆罕默德·萨利姆 , 1
艾哈迈德·阿塔夫 , 1
艾山 , 1
艾琳 , 7
艾笑 , 2
艾赛义德 , 2
节派·武律博 , 1
芬拿 , 1
芭芭拉·卡斯蒂约·哥斯达 , 1
苏人 , 1
苏会志 , 1
苏光国 , 1
苏克尔 , 1
苏利曼 , 4
苏叔阳 , 1
苏哈托 , 20
苏宁 , 3
苏日娜 , 1
苏明 , 1
苏星 , 1
苏知翼 , 1
苏菲 , 1
苏里亚·巴哈杜尔·塔帕 , 1
苏雪冰 , 1
苏霆 , 1
苑志南 , 1
若斯潘 , 5
英迪拉·甘地 , 1
英韬 , 1
范世阅 , 2
范丽青 , 1
范占英 , 1
范学鹏 , 2
范宇文 , 1
范德闽 , 1
范志毅 , 1
范戴肯 , 1
范敬宜 , 2
范文茶 , 1
范清银 , 1
范硕 , 1
范罗斯特 , 1
茅以升 , 1
茅盾 , 10
荀子 , 1
荆轲 , 1
荣士存 , 1
荣松 , 2
荣毅仁 , 6
荣高棠 , 1
莎士比亚 , 1
莎阿代提·哈米提 , 3
莫伊 , 3
莫勒姆 , 5
莫华伦 , 1
莫尔斯 , 1
莫尼卡·莱温斯基 , 1
莫扎特 , 4
莫拉夫克娃 , 1
莫诺里 , 2
莫迪凯 , 12
莫雷勒 , 1
莱利 , 1
莱奇 , 1
莱尼亚 , 1
莱易斯 , 1
莱莉 , 1
莱齐耶 , 1
菲尔曼·辛佐伊海巴 , 1
菲拉利 , 12
菲赫里 , 1
萧三 , 2
萧乾 , 2
萧关根 , 1
萧娴 , 2
萨乌丁 , 11
萨利姆 , 2
萨利赫 , 1
萨哈夫 , 6
萨姆·姆帕苏 , 1
萨尔瓦多·达利 , 1
萨希杜·丹戈—纳代伊 , 1
萨米亚 , 1
萨米亚·侯赛因 , 1
萨维 , 1
萨达姆 , 18
萨达姆·侯赛因 , 1
萨阿东·哈马迪 , 3
萨马兰奇 , 3
萨默斯 , 3
葛娟 , 4
葛成 , 1
葛菲 , 4
董乐山 , 1
董伟 , 3
董加耕 , 1
董卓 , 1
董友斌 , 1
董存瑞 , 1
董寅初 , 1
董建华 , 12
董必武 , 1
董慧 , 1
董文华 , 1
董洪亮 , 1
董浓 , 1
董现明 , 1
董玲 , 1
董竹君 , 3
董范园 , 1
董风英 , 1
葫芦娃 , 1
蒂姆·哈钦森 , 1
蒂维亚科夫 , 1
蒋介石 , 8
蒋千红 , 1
蒋妙瑞 , 1
蒋子翼 , 3
蒋干 , 2
蒋建科 , 1
蒋志伊 , 1
蒋志华 , 1
蒋文 , 1
蒋某 , 1
蒋正华 , 1
蒙塔尔托 , 1
蓉蓉 , 21
蔡伦 , 1
蔡元培 , 1
蔡子民 , 1
蔡庆播 , 1
蔡德存 , 1
蔡慧珏 , 1
蔡方柏 , 2
蔡晖 , 2
蔡晖贾永 , 1
蔡涛 , 1
蔡玉燕 , 3
蔡瑁 , 1
蔡畅 , 1
蔡竹林 , 1
薄一波 , 15
薄伽丘 , 4
薄熙来 , 1
薄老 , 2
薛峰 , 1
薛文献 , 1
薛潮 , 1
薛瑞红 , 1
藤森 , 1
藤田彬 , 1
衡志诚 , 1
衣宝泰 , 1
袁亚平 , 1
袁伟民 , 9
袁启彤 , 1
袁和平 , 2
袁守芳 , 2
袁文平 , 1
袁炳忠 , 1
袁祥仁 , 1
袁素芹 , 4
袁纯清 , 1
袁荣贵 , 1
袁锦林 , 5
袁阔成 , 2
裕民 , 1
裴鸿福 , 1
裴默农 , 1
褚时健 , 31
褚映群 , 2
褚遂良 , 1
西丽玛沃·班达拉奈克 , 1
西吉斯瓦尔德·库伊肯 , 1
西哈努克 , 3
西戎 , 1
西文 , 1
西施 , 1
詹天佑 , 1
詹姆士·邦德 , 2
詹姆斯 , 1
詹姆斯·罗布尔 , 1
詹建俊 , 1
詹懋海 , 2
让·梅泰·亚彭德 , 2
让·米奥 , 3
让·雅克·莫里斯 , 1
许世铨 , 1
许中田 , 5
许云英 , 1
许刚刚 , 1
许占奎 , 1
许君 , 1
许嘉璐 , 3
许国富 , 2
许基仁 , 2
许塞尔 , 3
许宏治 , 5
许广平 , 7
许文量 , 1
许昱华 , 1
许永跃 , 2
许汉胜 , 6
许燕莉 , 1
许玉文 , 1
许福瑞 , 2
许立群 , 8
许群 , 2
许老 , 7
许钊 , 2
许银川 , 1
许麟庐 , 1
诸宸 , 1
诸葛仓麟 , 3
诺·扎诺蒂 , 1
诺哈 , 1
诺夫 , 1
诺德 , 1
诺罗敦·莫尼列·西哈努克 , 1
诺罗敦·西哈努克 , 2
诺贝尔 , 2
谈世中 , 1
谈家桢 , 4
谈舒萍 , 1
谢世杰 , 7
谢军 , 2
谢启美 , 1
谢国明 , 1
谢孝汉 , 1
谢宗信 , 1
谢家树 , 1
谢尔盖耶夫 , 3
谢峰 , 1
谢文 , 1
谢春高 , 1
谢淑丽 , 1
谢湘 , 2
谢玉堂 , 1
谢瓦尔德纳泽 , 5
谢罗夫 , 4
谢美华 , 3
谢芳 , 1
谢觉哉 , 1
谢赫·哈希娜 , 1
谢赫·哈西娜 , 3
谢里夫 , 13
谢非 , 2
谢顺吉 , 1
谢飞 , 1
谭利华 , 1
谭国器 , 6
谭彦 , 4
谭方之 , 1
谭湘荣 , 1
谭炎午 , 2
谭量顺 , 5
谷内敏美 , 4
谷利源 , 4
谷源洋 , 1
貂蝉 , 4
贝·布托 , 3
贝京 , 2
贝佛莉 , 1
贝克特 , 6
贝内特 , 7
贝勒金台石 , 1
贝多芬 , 3
贝尔 , 4
贝尔曼 , 7
贝当 , 3
贝恩德 , 1
贝时璋 , 1
贝福荣 , 1
贝老 , 3
贝鲁特 , 1
费伟伟 , 1
费孝通 , 2
费尔巴哈 , 1
费希尔 , 2
费老 , 1
贺国强 , 1
贺慈红 , 1
贺桂华 , 1
贺锦辉 , 1
贺长红 , 1
贺鹏飞 , 3
贾亦斌 , 1
贾兰坡 , 2
贾君 , 1
贾塔 , 1
贾庆林 , 14
贾建舟 , 1
贾建舟刘磊 , 1
贾志平 , 1
贾成伟 , 1
贾文慧 , 1
贾新波 , 1
贾昭全 , 1
贾昭全范韩生 , 1
贾永 , 1
贾永蔡晖 , 1
贾永黄秋生 , 1
贾祥 , 1
贾福云 , 1
贾若瑜 , 1
贾西平 , 6
贾西平贺广华 , 1
贾雅辛格 , 1
赖中和 , 1
赖丽水 , 1
赖喜荣 , 2
赖四强 , 1
赖斌 , 1
赖明辉 , 2
赖明隆 , 1
赖水景 , 1
赖铭隆 , 1
赛义德·本·穆斯塔法 , 1
赛福·拉赫曼 , 1
赛福鼎·艾则孜 , 2
赫尔丁 , 1
赫尔佐克 , 1
赵丽萍 , 2
赵仁安 , 1
赵伟之 , 1
赵伯先 , 1
赵公 , 1
赵利红 , 2
赵勇傅建山 , 1
赵化勇 , 1
赵国政 , 2
赵国民 , 1
赵国荣 , 1
赵地 , 1
赵增 , 3
赵天衡 , 2
赵太侔 , 1
赵太忠 , 1
赵孝东 , 4
赵学增 , 1
赵宏林 , 1
赵宝珍 , 1
赵小兰 , 1
赵小锐 , 3
赵志文 , 2
赵忠惠 , 5
赵忠生 , 2
赵忠贤 , 1
赵敬忠 , 4
赵敬臣 , 1
赵文军 , 7
赵新兵 , 2
赵新忠 , 3
赵晓雷 , 1
赵朴初 , 3
赵正夫 , 1
赵步长 , 2
赵毅 , 2
赵氏 , 1
赵汝蘅 , 1
赵治勋 , 5
赵洪祝 , 1
赵洪祥 , 1
赵海波 , 1
赵涛 , 2
赵玉臣 , 4
赵相如 , 1
赵碧璇 , 1
赵秀娟 , 7
赵素瑶 , 1
赵艳珍 , 2
赵花点 , 1
赵莱青 , 1
赵超 , 2
赵连庆 , 2
赵金霞 , 1
赵锡君 , 1
赵阳 , 1
跃起 , 1
路传俊 , 1
路华 , 1
路德维希·毕林格 , 1
路易丝·弗雷谢特 , 1
路易十四 , 1
路易吉·马扎 , 1
路甬祥 , 2
路金栋 , 1
车晓蕙 , 2
车菊红 , 1
辛业江 , 10
辛佐伊海巴 , 1
辛吉斯 , 8
辛美 , 1
辛闻 , 1
达列什 , 1
达利 , 1
达尔文 , 3
达瓦孜 , 2
达莎 , 1
迈斯塔特 , 1
迈纳萨拉 , 1
迎艳 , 7
连丽如 , 1
迟浩田 , 34
迪尔德丽·恩赖特 , 1
迪尼 , 3
迪里拜尔 , 1
逄新学 , 1
道光 , 1
邓一光 , 1
邓世军 , 1
邓乐勤 , 1
邓云乡 , 1
邓亚萍 , 3
邓在军 , 3
邓小平 , 90
邓少青 , 1
邓建胜 , 1
邓拓 , 1
邓永清 , 3
邓稼先 , 1
邓颖超 , 4
邓风华 , 1
邢世忠 , 2
邢燕翔 , 1
邢贲思 , 1
那努奔 , 1
邦尼奇 , 2
邦尼尔 , 1
邦德 , 6
邱剑敏 , 1
邱占祥 , 1
邱娥国 , 6
邱少云 , 4
邱廷 , 1
邱洪标 , 2
邱玲 , 7
邱继红 , 1
邱胜云 , 1
邵华泽 , 3
邵大箴 , 1
邵建武 , 1
邵正杰 , 1
邵永东 , 3
邵逸夫 , 3
邵钧林 , 1
邹军 , 2
邹友开 , 1
邹家华 , 10
邹延龄 , 1
邹建军 , 1
邹德浩 , 1
邹清丽 , 1
邹火荣 , 1
邹磊 , 1
邹静之 , 1
郁钧剑 , 1
郎平 , 6
郑丙华 , 1
郑东发 , 2
郑丽梦 , 1
郑咏 , 2
郑宏范 , 2
郑建卫 , 1
郑必坚 , 3
郑成功 , 1
郑振铎 , 1
郑斯林 , 1
郑朝铨 , 1
郑梦熊 , 1
郑永华 , 1
郑海泉 , 1
郑焕清 , 1
郑盛丰 , 1
郑社奎 , 1
郑科扬 , 1
郑荣梁 , 1
郑辉 , 1
郑金发 , 1
郑铮 , 4
郑鸿业 , 1
郝云甫 , 1
郝建秀 , 1
郝明莉 , 1
郝海东 , 2
郝美玲 , 4
郭东坡 , 1
郭丽萍 , 1
郭京花 , 1
郭伟成 , 1
郭凤莲 , 1
郭嘉 , 2
郭小兰 , 1
郭峰 , 1
郭平坦 , 1
郭建光 , 3
郭强 , 1
郭景文 , 1
郭晶晶 , 15
郭树言 , 1
郭正谊 , 1
郭沫若 , 4
郭炎 , 1
郭瑾浩 , 1
郭璞浩 , 3
郭红 , 1
郭达 , 2
郭铁锋 , 4
都肯 , 1
鄢光华 , 2
鄢光荣 , 2
鄢良 , 2
采卡 , 1
里依斯 , 1
里夏尔 , 1
里查德·斯博特舍 , 1
里森 , 12
里特 , 5
金东文 , 1
金克尔 , 2
金克木 , 1
金兴安 , 1
金大中 , 12
金嫣 , 1
金小明 , 1
金山 , 1
金庸 , 2
金志贤 , 1
金惠康 , 1
金斯立·马丁 , 1
金正日 , 3
金正波 , 1
金永哲 , 1
金泳三 , 3
金泽海 , 2
金海英 , 1
金秀壮 , 1
金荣垣 , 1
金莉莉 , 1
金金 , 17
金银焕 , 1
金雁 , 1
金风 , 1
钟保 , 1
钟咏三 , 1
钟德鲁 , 1
钟敬之 , 3
钟旺兴 , 1
钟繇 , 1
钟馗 , 1
钱伟长 , 4
钱兆熹 , 1
钱其琛 , 134
钱其琛钱其琛 , 2
钱冠林 , 1
钱冬 , 1
钱友荣郭凯 , 1
钱宏斌 , 1
钱德里卡·库马拉通加 , 1
钱树根 , 1
钱正英 , 5
钱江 , 3
钱运录 , 1
铁宝成 , 1
铁木尔·达瓦买提 , 5
铃木博美 , 1
铃木秀实 , 1
门捷列夫 , 1
门文元 , 1
闵鹿蕾 , 2
闻立鹏 , 1
闻艺 , 1
阎·豪伟 , 1
阎亚君 , 1
阎增福 , 1
阎振利 , 2
阎文清 , 1
阎晓明陈水泉 , 1
阎森 , 7
阎涵 , 1
阎炉 , 1
阎锡山 , 6
阮华盛 , 1
阮崇武 , 1
阮文沱 , 1
阮若珊 , 1
阳安江 , 2
阿代希安 , 1
阿伦·布洛克 , 1
阿佩尔 , 1
阿依努儿 , 2
阿兰·布朗特 , 1
阿内·卡尔森 , 2
阿凡提 , 4
阿勒坦格列尔 , 3
阿南德 , 4
阿卜杜勒拉蒂夫·菲拉利 , 1
阿卜杜拉 , 2
阿卜杜拉季波夫 , 1
阿卡耶夫 , 3
阿卡蒂耶夫 , 1
阿嘉·洛桑图旦 , 1
阿地力 , 5
阿塔夫 , 7
阿宁 , 1
阿尔博格 , 1
阿尔姆西克 , 1
阿尔希波夫 , 6
阿尔弗雷德·桑特 , 1
阿尔斯通 , 1
阿尔穆尼亚 , 3
阿尔贝·特沃杰雷 , 2
阿尔都塞 , 3
阿布·马赞 , 1
阿彻 , 1
阿德·梅尔克特 , 1
阿德尔 , 1
阿拉丁·布鲁杰尔迪 , 1
阿拉法特 , 57
阿拉济 , 3
阿旺甘丹 , 1
阿木 , 1
阿朵 , 2
阿沛·阿旺晋美 , 2
阿甘 , 1
阿良 , 8
阿莱科斯·帕帕佐普洛斯 , 2
阿萨德 , 3
阿西夫·扎尔达里 , 1
阿达姆库斯 , 2
阿达米 , 1
阿霖 , 3
阿齐兹 , 8
陆俊 , 1
陆善真 , 1
陆子冈 , 8
陆幸生 , 1
陆延昌 , 1
陆敏厚 , 2
陆机 , 2
陆永江 , 1
陆熙沈建波 , 1
陆福恩 , 1
陈〈民音〉 , 1
陈乐亮 , 2
陈书生 , 1
陈云 , 3
陈云峰 , 9
陈云林 , 1
陈亭 , 1
陈伟 , 3
陈伟光 , 1
陈佐湟 , 1
陈俊生 , 3
陈光 , 1
陈光毅 , 1
陈克威 , 1
陈公博 , 1
陈冠英 , 1
陈凯 , 1
陈刚 , 1
陈半丁 , 1
陈原 , 1
陈同海 , 1
陈君实 , 1
陈善凤 , 1
陈四长 , 1
陈国琦 , 1
陈坤 , 1
陈夏青 , 1
陈大鹏 , 2
陈天华 , 1
陈如为 , 1
陈妍 , 43
陈子劲王大川 , 1
陈学如 , 1
陈宏林 , 1
陈宜瑜 , 2
陈宝山 , 2
陈寅恪 , 4
陈小军 , 1
陈小牧 , 1
陈小群 , 1
陈岱孙 , 1
陈峰玖 , 2
陈希同 , 1
陈庆朝 , 2
陈德良 , 1
陈忠实 , 2
陈忠表 , 1
陈振兴 , 4
陈振文 , 1
陈振旭 , 1
陈援 , 1
陈敏章 , 1
陈文广 , 1
陈文英 , 1
陈方安生 , 11
陈昆昌 , 1
陈昊苏 , 2
陈昌本 , 6
陈昭 , 2
陈晓平 , 1
陈晓红 , 1
陈晓钟 , 6
陈景润 , 1
陈曦 , 1
陈木胜 , 2
陈杰 , 2
陈杰高山岳 , 1
陈某 , 3
陈殿升 , 1
陈毅 , 2
陈毛弟 , 2
陈氏 , 1
陈永康 , 1
陈永贵 , 3
陈洪顺 , 1
陈淑兰 , 1
陈漓高 , 1
陈澄雄 , 1
陈澎 , 1
陈焕友 , 2
陈然峰 , 1
陈燮阳 , 2
陈特安 , 1
陈独秀 , 2
陈玉英 , 1
陈省身 , 1
陈祖德 , 4
陈祖甲 , 2
陈福今 , 1
陈立夫 , 1
陈绪英 , 1
陈绪豹 , 1
陈维伟 , 7
陈维斌 , 2
陈耀先 , 1
陈耀邦 , 1
陈自昌 , 6
陈至立 , 5
陈舜瑶 , 1
陈良宇 , 2
陈莉 , 3
陈诗惠 , 1
陈赓 , 2
陈辉 , 2
陈辉李清华 , 1
陈迎艳 , 1
陈运鹏 , 7
陈进 , 1
陈进兴 , 5
陈邦柱 , 1
陈金水 , 3
陈铭 , 1
陈长禄 , 6
陈隆勋 , 1
陈隆年 , 2
陈雁 , 8
陈露 , 1
陈韵 , 1
陈飞 , 1
陈香梅 , 1
陶仲历 , 1
陶志彭 , 2
陶晓强 , 1
陶汉明 , 1
陶涛 , 1
陶源明 , 2
陶潜 , 1
陶秀 , 1
陶铸 , 10
陶驷驹 , 2
雅丹 , 4
雅古布 , 2
雅各布·姆万萨·卡宾加 , 1
雨果 , 2
雨田 , 1
雷夫·约翰松 , 1
雷志敏 , 1
雷恪生 , 1
雷梦拉 , 3
雷洁琼 , 8
雷锋 , 28
雷颐 , 1
霍利菲尔德 , 2
霍华德 , 1
霍大寿 , 1
霍尔格 , 2
霍尔金娜 , 1
霍春阳 , 3
霍梅尼 , 2
霍英东 , 1
霍长和 , 1
霍震霆 , 1
露西 , 1
青山绫里 , 2
靳长喜 , 1
鞠维松 , 2
韦加 , 1
韦宝 , 1
韦尔纳 , 2
韦德里纳 , 19
韦拉 , 3
韦拉亚提 , 1
韦斯滕多普 , 1
韦迪 , 1
韦钰 , 2
韩一明 , 1
韩世峰 , 1
韩为民 , 1
韩伟 , 1
韩兵 , 2
韩冰岩 , 6
韩利华 , 1
韩卫国 , 1
韩国英 , 1
韩寿 , 1
韩少功 , 1
韩振军 , 2
韩文藻 , 1
韩晓光 , 1
韩景行 , 1
韩晶娜 , 1
韩杼滨 , 1
韩桂芝 , 2
韩氏 , 2
韩济生 , 10
韩玉贵 , 2
韩磊磊 , 1
韩素云 , 7
韩警非 , 1
韩金妹 , 1
项宁 , 1
项怀诚 , 2
顾伟 , 2
顾伯瑾 , 1
顾俊 , 3
顾健人 , 1
顾正龙 , 14
顾玉清 , 1
顾秀莲 , 3
顾雷 , 2
颜世贵 , 3
颜旭 , 2
颜真卿 , 1
颜雄 , 1
饶琅 , 1
马万祺 , 2
马丽华 , 4
马丽卡 , 1
马元安 , 1
马克坚 , 1
马克思 , 18
马克思恩格斯 , 1
马六孩 , 1
马凡贵 , 1
马刚 , 1
马利 , 5
马卫星 , 1
马吉德 , 6
马哈蒂尔 , 3
马国良 , 1
马寅初 , 2
马尔乔 , 1
马尔廷 , 1
马建华 , 2
马德仁 , 2
马德水 , 1
马忠臣 , 1
马恩华 , 3
马振太 , 1
马文普 , 6
马文瑞 , 1
马斯哈多夫 , 1
马明捷 , 1
马晓春 , 9
马晓春周鹤洋 , 1
马本斋 , 1
马梅 , 2
马泽尔 , 1
马海德 , 4
马烽 , 1
马玉涛 , 1
马琳 , 1
马约莉 , 2
马纪新 , 1
马蒂厄·克雷库 , 6
马贾利 , 3
马连凯 , 1
马静芬 , 4
马静芳 , 2
高严 , 1
高丽生 , 3
高克 , 1
高兰章 , 1
高占祥 , 2
高原 , 2
高士其 , 1
高天民 , 2
高广宾 , 1
高建龙 , 1
高德年 , 3
高扬 , 1
高明光 , 1
高曦 , 1
高曼华 , 1
高柱 , 1
高桂滋 , 1
高氏 , 2
高沈阳 , 2
高渊 , 1
高玉明 , 1
高玉林 , 5
高留华 , 2
高祀仁 , 2
高秋英 , 1
高苕华 , 1
高蕾 , 1
高迈 , 1
高运甲 , 1
高道强 , 1
魏久纯 , 1
魏克兴 , 1
魏兹 , 1
魏合想 , 1
魏后 , 1
魏巧莉 , 1
魏征 , 1
魏德义 , 1
魏德运 , 2
魏根深 , 1
魏积安 , 1
魏纪中 , 1
魏赤娅 , 4
魏金栋 , 1
鲁伊斯 , 2
鲁宾 , 5
鲁宾费尔德 , 1
鲁惠民 , 2
鲁戈瓦 , 1
鲁杰罗 , 1
鲁班 , 1
鲁瑞 , 1
鲁肃 , 1
鲁迅 , 18
鲍威尔 , 1
鲍泰利 , 1
鲍洪俊 , 2
鲍绍雄 , 2
鲍蕙乔 , 1
鲍蕙荞 , 1
鹿永建 , 1
鹿达宁 , 1
鹿野道彦 , 2
麟庐 , 2
麦丽丝 , 1
麦克·雷蒙 , 2
麦克·马克迈特 , 1
麦康奈尔 , 1
麦柯里 , 2
黄万坡 , 1
黄世坤胡更生 , 1
黄丹华 , 1
黄健中 , 6
黄公略 , 3
黄关葆 , 1
黄华平 , 1
黄南炬 , 1
黄启 , 1
黄宏 , 1
黄嵘 , 1
黄帝 , 1
黄开发 , 1
黄彦 , 1
黄恭情 , 1
黄振中 , 2
黄斌 , 2
黄昌元 , 4
黄楠森 , 1
黄楠雁 , 2
黄炎培 , 1
黄玉斌 , 1
黄瑶 , 1
黄继光 , 4
黄继美 , 2
黄若暾 , 1
黄莉丽 , 1
黄菊 , 4
黄薇 , 1
黄赛红 , 4
黄越峰 , 2
黄运成 , 1
黄金宝 , 2
黄金荣 , 1
黄钟 , 1
黄锐 , 1
黄镇东 , 2
黄镜 , 1
黄霈 , 1
黎中城 , 1
黎可漂 , 2
黎庆宁 , 1
黎德玲 , 1
黎梅松 , 1
黎翠珍 , 1
齐世荣 , 3
齐如山 , 1
齐宪役 , 1
齐尔品 , 1
齐怀远 , 3
齐文明 , 2
齐格勒 , 1
齐治家 , 1
齐洁爽 , 1
齐白石 , 3
齐铁砚 , 1
齐齐 , 1
龙新民 , 1
龙月美 , 1
龙林杰 , 2
龙永图 , 3
龙艳 , 1
龚乃昌 , 1
龚学平 , 2
龚德俊 , 4
龚心瀚 , 2
龚志国 , 2
龚智超 , 3
龚睿娜 , 1
龚自珍 , 1
龚雯 , 2
ＢｒｕｃｅＳｔｅｉｎｂｅｒｇ , 1
Ｃ．Ｂ． , 1
Ｇ．Ａ．柯亨 , 1
Ｍａｒｋ , 1
